{
    "feature_columns": [
        "return_1d",
        "return_3d",
        "return_5d",
        "sma_5",
        "sma_10",
        "rsi_14",
        "macd"
    ],
    "label_column": "direction",
    "scaler_mean": [
        3.523292442232649e-05,
        1.89005656860838e-05,
        -5.821646938518683e-05,
        180.21852385786804,
        180.23118680203046,
        49.29973818870462,
        -0.1270399259184306
    ],
    "scaler_std": [
        0.009020551792574041,
        0.01605834988810059,
        0.02087609336243069,
        69.83913002453895,
        69.85870590849629,
        16.848356671927945,
        1.4083048137000944
    ]
}